{
  "properties": {
    "connectionReferences": {},
    "definition": {
      "$schema": "https://schema.management.azure.com/providers/Microsoft.Logic/schemas/2016-06-01/workflowdefinition.json#",
      "contentVersion": "1.0.0.0",
      "parameters": {
        "$authentication": {
          "defaultValue": {},
          "type": "SecureObject"
        }
      },
      "triggers": {
        "manual": {
          "metadata": {
            "operationMetadataId": "330a3f5a-a160-40ea-b7b0-d49c06f1a0e2"
          },
          "type": "Request",
          "kind": "Button",
          "inputs": {
            "schema": {
              "type": "object",
              "properties": {},
              "required": []
            }
          }
        }
      },
      "actions": {
        "Compose": {
          "runAfter": {},
          "metadata": {
            "operationMetadataId": "41223712-b4de-429a-b75d-89b02b8eab6a"
          },
          "type": "Compose",
          "inputs": "Hello, @{base64ToString(triggerOutputs()['headers']['x-ms-user-name-encoded'])}"
        }
      }
    },
    "templateName": null
  },
  "schemaVersion": "1.0.0.0"
}