{
  "properties": {
    "connectionReferences": {
      "shared_office365": {
        "runtimeSource": "embedded",
        "connection": {
          "connectionReferenceLogicalName": "onlc_sharedoffice365_621fc"
        },
        "api": {
          "name": "shared_office365"
        }
      },
      "shared_commondataserviceforapps": {
        "runtimeSource": "embedded",
        "connection": {
          "connectionReferenceLogicalName": "onlc_sharedcommondataserviceforapps_4f1c4"
        },
        "api": {
          "name": "shared_commondataserviceforapps"
        }
      }
    },
    "definition": {
      "$schema": "https://schema.management.azure.com/providers/Microsoft.Logic/schemas/2016-06-01/workflowdefinition.json#",
      "contentVersion": "1.0.0.0",
      "parameters": {
        "$connections": {
          "defaultValue": {},
          "type": "Object"
        },
        "$authentication": {
          "defaultValue": {},
          "type": "SecureObject"
        }
      },
      "triggers": {
        "When_a_new_email_arrives_(V3)": {
          "splitOn": "@triggerOutputs()?['body/value']",
          "metadata": {
            "operationMetadataId": "a0c89469-75b7-4758-a482-dd11da7e1afe"
          },
          "type": "OpenApiConnectionNotification",
          "inputs": {
            "host": {
              "connectionName": "shared_office365",
              "operationId": "OnNewEmailV3",
              "apiId": "/providers/Microsoft.PowerApps/apis/shared_office365"
            },
            "parameters": {
              "folderPath": "Inbox",
              "includeAttachments": true,
              "importance": "Any",
              "fetchOnlyWithAttachment": true
            },
            "authentication": "@parameters('$authentication')"
          }
        }
      },
      "actions": {
        "Apply_to_each": {
          "foreach": "@triggerOutputs()?['body/attachments']",
          "actions": {
            "Predict": {
              "runAfter": {},
              "metadata": {
                "operationMetadataId": "043353f7-d8f9-48b8-9539-812d01573437"
              },
              "type": "OpenApiConnection",
              "inputs": {
                "host": {
                  "connectionName": "shared_commondataserviceforapps",
                  "operationId": "aibuilderpredict",
                  "apiId": "/providers/Microsoft.PowerApps/apis/shared_commondataserviceforapps"
                },
                "parameters": {
                  "recordId": "25bba624-dd7b-4cde-8ec8-0bdec96d702e",
                  "item/requestv2/mimeType": "@items('Apply_to_each')?['contentType']",
                  "item/requestv2/base64Encoded": "@items('Apply_to_each')?['contentBytes']"
                },
                "authentication": "@parameters('$authentication')"
              }
            },
            "Send_an_email_(V2)": {
              "runAfter": {
                "Predict": [
                  "Succeeded"
                ]
              },
              "metadata": {
                "operationMetadataId": "c8523987-54f4-4841-b4db-d5d18636a827"
              },
              "type": "OpenApiConnection",
              "inputs": {
                "host": {
                  "connectionName": "shared_office365",
                  "operationId": "SendEmailV2",
                  "apiId": "/providers/Microsoft.PowerApps/apis/shared_office365"
                },
                "parameters": {
                  "emailMessage/To": "@triggerOutputs()?['body/from']",
                  "emailMessage/Subject": "Thanks for sending the invoice",
                  "emailMessage/Body": "<p>We received an invoice with the below details:<br>\n<br>\n<strong>Total:</strong> @{outputs('Predict')?['body/responsev2/predictionOutput/labels/Total/value']}<br>\n<strong>Date:</strong> @{outputs('Predict')?['body/responsev2/predictionOutput/labels/Date/value']}<br>\n<strong>Bill to:</strong> @{outputs('Predict')?['body/responsev2/predictionOutput/labels/Bill_0029ec7811889396dc7d77dce8d8fb3ec23/value']}</p>",
                  "emailMessage/Importance": "Normal"
                },
                "authentication": "@parameters('$authentication')"
              }
            }
          },
          "runAfter": {},
          "metadata": {
            "operationMetadataId": "95d6738f-732e-4370-b495-b90b3d2b3253"
          },
          "type": "Foreach"
        }
      }
    },
    "templateName": null
  },
  "schemaVersion": "1.0.0.0"
}